Date,reliance,adani
2/5/2018,893.6788,108.6806
2/6/2018,883.7232,106.4192
2/7/2018,886.0016,107.2093
2/8/2018,896.0563,111.4323
2/9/2018,889.4192,114.4837
########,906.9034,118.3798
########,924.8831,119.5786
########,926.8643,117.0175
########,912.649,113.2305
########,918.2955,110.5605
########,912.4509,107.8904
########,920.6234,107.5635
########,915.6703,110.7784
########,925.4774,111.3506
########,929.8856,112.0317
########,941.5748,112.8218
########,945.5868,110.9146
3/1/2018,939.4945,108.5171
3/5/2018,915.4227,109.4707
3/6/2018,902.2971,101.4606
3/7/2018,881.3953,93.83199
3/8/2018,902.8915,92.06107
3/9/2018,904.526,85.05908
########,921.5645,88.41023
########,923.0999,87.04797
########,920.3262,89.22758
########,903.2382,91.02575
########,891.5985,87.45665
########,887.0912,87.51114
########,881.4448,87.70185
########,888.4781,88.38298
########,899.6225,86.8845
########,885.5063,83.07019
########,892.6387,89.22758
########,891.3509,87.12971
########,874.4114,85.22255
4/2/2018,884.5652,87.67461
4/3/2018,891.1032,88.49196
4/4/2018,886.4969,82.52529
4/5/2018,899.672,94.86369
4/6/2018,902.4457,96.08277
4/9/2018,907.3987,94.41456
########,908.4389,94.79953
########,922.1093,92.74635
########,919.9795,87.32465
########,930.0342,89.44199
########,928.2511,90.30818
########,935.3835,89.50616
########,929.1922,87.7417
########,933.4518,90.88564
########,919.187,88.35123
########,927.2109,89.66657
########,960.9412,88.47956
########,961.387,88.255
########,966.1915,90.17986
########,986.9448,90.98189
########,954.2546,89.89113
5/2/2018,963.5663,83.02578
5/3/2018,952.5706,81.10092
5/4/2018,944.9924,81.22924
5/7/2018,961.8823,81.87087
5/8/2018,958.0189,84.3411
5/9/2018,967.5288,82.80122
########,971.937,81.26132
########,979.9609,81.99919
########,977.3358,79.56103
########,969.7577,79.11189
########,947.1718,78.98357
########,936.4731,79.17606
########,925.0812,76.09628
########,922.6046,75.83962
########,918.0479,78.43819
########,903.684,75.32632
########,907.2502,76.44917
########,912.1537,80.07433
########,911.7574,83.18619
########,908.8351,79.36855
########,907.4978,79.17606
########,912.6985,77.63616
6/1/2018,921.8121,76.70581
6/4/2018,932.0154,74.58846
6/5/2018,938.7516,74.04308
6/6/2018,945.4382,75.8717
6/7/2018,962.229,80.4593
6/8/2018,975.1069,81.03676
########,973.4229,82.28792
########,987.7867,81.90295
########,993.0865,82.86538
########,998.4854,85.94516
########,1004.677,84.98273
########,1006.014,86.20181
########,986.6971,83.3466
########,1009.679,84.53359
########,1022.26,83.31451
########,1002.993,83.63532
########,995.0183,81.48589
########,969.7577,82.86538
########,956.7807,73.8506
########,936.0769,70.16128
########,963.3187,72.59944
7/2/2018,951.58,67.40231
7/3/2018,962.1795,68.17225
7/4/2018,980.803,69.1026
7/5/2018,955.4434,67.94769
7/6/2018,968.3708,71.18787
7/9/2018,987.7372,71.63701
########,1016.069,73.20898
########,1029.046,79.62519
########,1072.187,79.75352
########,1089.473,84.46943
########,1066.094,85.72059
########,1082.093,88.73621
########,1082.291,91.23853
########,1094.475,96.91688
########,1118.052,104.5522
########,1109.78,109.8456
########,1100.518,119.3736
########,1104.679,128.1959
########,1100.221,126.8806
########,1119.241,125.6936
########,1140.588,124.1858
########,1174.864,125.4049
8/1/2018,1181.154,123.9933
8/2/2018,1157.379,126.0786
8/3/2018,1165.898,127.1372
8/6/2018,1181.401,127.1693
8/7/2018,1173.08,122.0043
8/8/2018,1206.266,128.0997
8/9/2018,1206.513,128.5488
########,1192.893,127.7789
########,1176.547,124.7312
########,1199.232,129.8
########,1189.525,130.1849
########,1192.447,130.2812
########,1223.304,136.3445
########,1235.489,136.8578
########,1257.53,135.2858
########,1265.504,133.9705
########,1279.373,135.9274
########,1306.615,147.3804
########,1282.047,143.274
########,1262.483,143.7231
########,1229.991,144.5252
9/3/2018,1217.608,135.0613
9/4/2018,1230.288,134.9971
9/5/2018,1215.479,135.35
9/6/2018,1249.555,163.7
9/7/2018,1266.594,157.35
########,1244.058,150.75
########,1226.078,148.25
########,1240.739,148.9
########,1241.383,150.6
########,1214.389,152.05
########,1205.721,148.45
########,1199.381,147.35
########,1206.068,138.45
########,1220.481,134.5
########,1219.045,138.35
########,1239.649,136.5
########,1241.977,142.25
########,1246.138,130.6
########,1220.134,137.35
########,1193.784,134.8
########,1111.712,132.95
########,1039.001,130.2
########,1098.983,133.15
########,1079.814,135.9
########,1091.751,143.75
########,1077.586,138.2
########,1115.972,143.85
########,1129.048,152.45
########,1152.872,157.65
########,1140.489,161.75
########,1090.959,168.75
########,1052.672,168.5
########,1044.796,169.55
########,1035.93,167.55
########,1021.121,172.1
########,1035.088,166.75
########,1077.586,171.75
########,1047.075,169.05
########,1051.285,170
########,1046.332,175
########,1064.807,175.6
########,1080.062,168.5
########,1093.733,164.45
########,1100.271,165.75
########,1083.182,166.3
########,1069.859,160.25
########,1089.126,162.15
########,1087.64,160.85
########,1086.551,162.85
########,1116.814,161.45
########,1139.202,162.1
########,1126.72,160.15
########,1102.45,161
########,1092.494,158.5
########,1099.329,157.35
########,1117.606,159.15
########,1141.827,158
########,1157.528,169.9
########,1156.587,165
########,1145.591,166.7
########,1141.48,162.75
########,1144.303,157.4
########,1113.099,150.55
########,1123.154,152.9
########,1080.013,143.15
########,1087.244,151.9
########,1100.072,156.1
########,1096.655,156
########,1101.756,157.1
########,1119.29,157.95
########,1125.729,158.05
########,1126.125,160.2
########,1117.854,159.25
########,1089.869,159.35
########,1078.923,158.55
########,1088.036,161.25
########,1109.681,162.35
########,1114.981,161.55
########,1110.721,161
1/1/2019,1110.474,157.25
1/2/2019,1096.011,154.85
1/3/2019,1082.489,152.5
1/4/2019,1088.334,152.55
1/7/2019,1094.376,151.25
1/8/2019,1094.277,153.45
1/9/2019,1100.32,149.35
########,1097.101,151.1
########,1087.739,151.5
########,1086.501,148.35
########,1119.043,148.65
########,1125.234,148.45
########,1123.797,149
########,1173.229,146.75
########,1226.078,145.95
########,1223.552,145.7
########,1214.785,143
########,1235.736,142.55
########,1234.3,137.35
########,1218.005,136.4
########,1199.282,140.8
########,1184.472,139.9
########,1215.627,137.15
2/1/2019,1238.213,143
2/4/2019,1278.778,123.1
2/5/2019,1279.422,124.25
2/6/2019,1297.947,122.9
2/7/2019,1278.283,123.95
2/8/2019,1265.702,123.75
########,1241.482,118.2
########,1244.602,116.95
########,1212.705,118.1
########,1232.765,119.8
########,1208.643,117.5
########,1204.681,118.25
########,1222.76,120.05
########,1235.192,119.4
########,1220.778,128.05
########,1220.729,132
########,1208.792,132.1
########,1212.011,132.25
########,1219.49,128.85
3/1/2019,1214.537,133.85
3/5/2019,1226.028,141.8
3/6/2019,1252.924,139.25
3/7/2019,1258.322,136.9
3/8/2019,1255.202,138.2
########,1291.854,139.05
########,1318.849,148.4
########,1334.649,147.35
########,1328.953,145.55
########,1309.24,141.85
########,1337.373,143.9
########,1363.624,142
########,1362.535,139.45
########,1329.151,138.25
########,1312.013,134.35
########,1354.411,138.3
########,1336.581,137.5
########,1347.23,137.8
4/1/2019,1378.781,151.45
4/2/2019,1376.651,151.65
4/3/2019,1362.287,147.55
4/4/2019,1340.345,147.5
4/5/2019,1341.187,146.9
4/8/2019,1316.768,141.95
4/9/2019,1321.92,146
########,1318.898,142.85
########,1334.154,141
########,1330.488,141.4
########,1327.566,142.95
########,1331.132,143.05
########,1372.936,138.6
########,1332.717,135.15
########,1351.043,132.5
########,1376.453,136.15
########,1359.513,134.75
########,1379.722,131.4
########,1379.722,127.05
5/2/2019,1391.857,126.65
5/3/2019,1395.621,128.3
5/6/2019,1371.896,125.6
5/7/2019,1330.885,122.35
5/8/2019,1287.248,120.9
5/9/2019,1244.652,120.1
########,1239.402,120
########,1220.481,117.6
########,1248.614,123.35
########,1245.098,117.4
########,1253.468,118.8
########,1255.499,119.3
########,1313.45,151.95
########,1327.219,154.65
########,1327.814,157.95
########,1321.375,161.05
########,1324.297,156.4
########,1298.343,157.2
########,1311.32,157.65
########,1300.72,155.15
########,1317.264,158.1
########,1317.66,154.75
6/3/2019,1347.428,159.05
6/4/2019,1338.958,157.6
6/6/2019,1314.886,153.15
6/7/2019,1302.553,151.35
########,1306.763,149.95
########,1316.669,153.6
########,1319.641,153.2
########,1314.787,153.1
########,1305.178,152.45
########,1270.259,147.9
########,1268.971,147.95
########,1265.356,142.8
########,1284.573,148.45
########,1267.485,146.8
########,1250.546,147.75
########,1283.682,150.85
########,1281.998,153.8
########,1262.186,152.85
########,1241.333,150.5
7/1/2019,1256.936,154.1
7/2/2019,1266.495,154.7
7/3/2019,1270.507,155.6
7/4/2019,1271.943,156.1
7/5/2019,1251.487,147.3
7/8/2019,1240.293,138.9
7/9/2019,1268.08,141.15
########,1266.842,139.35
########,1269.516,141
########,1268.476,140.3
########,1264.117,137.95
########,1280.859,140.15
########,1269.813,138.05
########,1250.001,134.2
########,1237.272,131.4
########,1268.476,131.65
########,1261.591,134.05
########,1247.277,129.8
########,1219.936,129.4
########,1202.402,131.85
########,1199.579,129.45
########,1169.811,125.35
########,1155.299,128.8
8/1/2019,1169.167,125.45
8/2/2019,1173.229,128.1
8/5/2019,1132.614,124.7
8/6/2019,1117.705,128.2
8/7/2019,1098.983,125.6
8/8/2019,1141.529,130.9
8/9/2019,1151.188,132.4
########,1262.78,130.3
########,1276.153,130.65
########,1266,132.85
########,1280.463,135.5
########,1263.969,135.65
########,1259.016,131.9
########,1235.043,126.9
########,1263.87,131.3
########,1254.905,135.2
########,1262.879,137.15
########,1251.438,135.95
########,1230.09,132.35
########,1236.826,137.35
9/3/2019,1195.072,135.25
9/4/2019,1189.871,134.95
9/5/2019,1187.345,135.75
9/6/2019,1211.021,137.75
9/9/2019,1210.724,140.9
########,1222.809,143.95
########,1198.985,143.05
########,1214.092,145.75
########,1199.381,145.95
########,1186.206,143.75
########,1194.379,144.15
########,1167.979,142.55
########,1242.572,149.1
########,1227.564,152.4
########,1266.693,148.05
########,1267.535,147.55
########,1284.623,152.7
########,1296.758,149.45
########,1319.74,145.85
########,1292.647,143.65
########,1298.739,143.55
########,1295.817,140
########,1297.798,135.8
########,1312.311,139
########,1349.954,137.4
########,1339.899,136.95
########,1345.248,147.1
########,1351.341,155
########,1359.464,160.15
########,1383.387,162.55
########,1403.051,175.1
########,1400.871,178.65
########,1379.325,176.45
########,1422.962,179
########,1417.761,181.3
########,1420.782,183.4
########,1453.274,195.55
########,1465.211,195.75
########,1450.6,199.65
########,1443.22,200.45
########,1443.963,200.9
########,1433.71,200.55
########,1421.426,207.55
########,1444.904,209.15
########,1431.927,208.05
########,1414.393,210.85
########,1458.475,198.2
########,1449.015,202.3
########,1457.039,203.6
########,1445.498,201.15
########,1495.573,199.7
########,1533.118,205.7
########,1523.162,205.5
########,1531.978,203.45
########,1546.887,215.2
########,1545.599,210.6
########,1555.109,213.55
########,1565.461,213.1
########,1536.585,214.9
########,1571.603,209
########,1564.074,207.85
########,1538.12,212.45
########,1536.287,208.4
########,1540.3,206.5
########,1557.833,207.45
########,1547.283,204.2
########,1547.729,206.15
########,1553.475,210.4
########,1568.037,212.2
########,1551.89,210.5
########,1548.026,211.2
########,1561.053,208.15
########,1594.833,210.55
########,1584.084,218.8
########,1556.645,214.55
########,1531.929,209.15
########,1501.17,208.95
########,1527.867,209.1
########,1529.7,208.65
########,1499.833,208.35
1/1/2020,1495.425,207.85
1/2/2020,1520.884,211.2
1/3/2020,1522.716,208.3
1/6/2020,1487.401,199.55
1/7/2020,1510.284,204.05
1/8/2020,1498.942,201.5
1/9/2020,1533.464,208
########,1533.118,209.1
########,1529.205,213.6
########,1515.039,214.35
########,1509.541,216.6
########,1523.459,220
########,1566.154,228.4
########,1517.961,226.55
########,1519.497,224.25
########,1518.952,225.9
########,1512.513,229.6
########,1507.263,229.75
########,1492.404,230.55
########,1457.93,229.9
########,1465.954,232.3
########,1430.193,231.5
########,1398.395,229.45
2/3/2020,1372.49,220.9
2/4/2020,1413.006,225.45
2/5/2020,1434.899,236.25
2/6/2020,1444.111,236.5
2/7/2020,1420.188,239.5
########,1422.12,244.5
########,1439.109,245.3
########,1456.494,249.7
########,1460.308,251.45
########,1473.631,256.15
########,1464.369,252.5
########,1453.621,249.45
########,1489.679,254
########,1471.997,258.65
########,1431.382,247.25
########,1403.1,246.45
########,1378.929,242.8
########,1373.233,234.15
########,1316.174,218.65
3/2/2020,1303.791,218.6
3/3/2020,1330.241,225.75
3/4/2020,1327.12,221.1
3/5/2020,1298.838,221.75
3/6/2020,1259.065,214.75
3/9/2020,1103.688,199.7
########,1142.718,195.75
########,1053.018,162.15
########,1094.921,148.75
########,1006.163,134.7
########,998.5349,133.4
########,959.4058,130.2
########,909.0828,128.9
########,1008.391,137.7
########,875.7488,120.9
########,934.5415,130.35
########,1072.088,132.3
########,1056.188,140.25
########,1055.594,128
########,1020.774,128.7
########,1103.292,137.6
4/1/2020,1070.305,133.95
4/3/2020,1067.333,129.05
4/7/2020,1194.775,138.15
4/8/2020,1180.956,138.1
4/9/2020,1208.495,142.45
########,1177.984,146
########,1139.053,145.25
########,1157.082,143.3
########,1212.507,143.9
########,1232.121,146.7
########,1225.731,135.95
########,1350.796,137.6
########,1358.027,140.5
########,1403.694,134.65
########,1416.325,134.6
########,1414.74,139.3
########,1413.551,139.5
########,1452.234,141.4
5/4/2020,1421.724,131.55
5/5/2020,1446.934,132.7
5/6/2020,1447.034,133.25
5/7/2020,1492.8,134.9
5/8/2020,1547.135,137.15
########,1561.994,140.05
########,1465.36,139.9
########,1496.45,141.15
########,1435.95,140.9
########,1459.4,141.05
########,1440.75,135.9
########,1408.9,139.7
########,1433.7,141.35
########,1441.25,138.3
########,1431.55,138.1
########,1424.05,139.5
########,1445.55,141
########,1472.25,142.65
########,1464.4,148.35
6/1/2020,1520.35,150.5
6/2/2020,1535.7,149.95
6/3/2020,1541.65,150.65
6/4/2020,1579.8,148
6/5/2020,1581.7,152.45
6/8/2020,1569.5,152.65
6/9/2020,1537.15,151.9
########,1572.15,151.85
########,1537.7,151.8
########,1588.8,152.3
########,1614.55,149.25
########,1617.7,146.2
########,1615.35,147.15
########,1655.9,147.85
########,1759.4,152.7
########,1746.15,154.65
########,1720.9,157.2
########,1727.85,154.8
########,1717.9,161.65
########,1741.65,162.15
########,1723.15,159.75
########,1704.1,156.25
7/1/2020,1737.6,157.65
7/2/2020,1760.35,158.2
7/3/2020,1787.9,160
7/6/2020,1851.8,164.2
7/7/2020,1823.45,168.15
7/8/2020,1798,163
7/9/2020,1824.25,162.75
########,1878.05,159.7
########,1935,156.05
########,1917,149.75
########,1844,147.75
########,1843.4,148.9
########,1911.7,151.6
########,1919.9,160.7
########,1971.55,167.3
########,2004,169.4
########,2057.8,169.95
########,2146.15,168.75
########,2156.2,165.95
########,2177.7,173.55
########,2096.65,179.1
########,2108.85,175.05
########,2067.1,175.25
8/3/2020,2009,172.25
8/4/2020,2150.6,182.1
8/5/2020,2126.45,179.6
8/6/2020,2134.1,185.95
8/7/2020,2146.45,192.9
########,2119.85,195.7
########,2133.8,195.85
########,2127.6,197.7
########,2122.05,200.75
########,2113.8,196.2
########,2091.35,197.8
########,2118.55,213.7
########,2131.55,239.55
########,2097.05,234
########,2081.85,233.35
########,2095.75,248.7
########,2082.1,307.55
########,2137.3,285.55
########,2110.6,286.7
########,2116.15,288.25
########,2080.7,279.55
9/1/2020,2087.25,281.1
9/2/2020,2128.2,293.05
9/3/2020,2112.1,291.25
9/4/2020,2077.25,285.15
9/7/2020,2082.65,285.25
9/8/2020,2107.1,277.7
9/9/2020,2161.35,283.05
########,2314,298.3
########,2319.75,296
########,2302.55,293.15
########,2318.85,288.55
########,2324.55,297.1
########,2298.75,293.7
########,2305.7,291.55
########,2255.85,277.1
########,2211.15,280.4
########,2230.8,283.55
########,2181.2,270.45
########,2201.7,280.3
########,2216.25,295.7
########,2245.05,297.9
########,2234.35,297.1
########,2225.25,308.15
########,2212.2,326.6
########,2210.35,327.15
########,2257.5,330.1
########,2239.25,316.25
########,2233.45,313
########,2237.05,315.35
########,2280.7,313.2
########,2287.5,313.4
########,2206.5,307.1
########,2175.8,307
########,2176.2,316.95
########,2155.9,321.9
########,2124.6,312
########,2106.95,311.5
########,2113.05,315.45
########,2029.1,307.4
########,2034.5,314.05
########,2011.45,318.85
########,2026.9,328.9
########,2054.5,339.7
########,1877.45,341.1
########,1850.4,344.8
########,1913.2,351.85
########,1955,352.75
########,2029.15,352.1
########,2050.7,357.9
########,2084.55,359.5
########,1997.2,360.1
########,1980,365.55
########,1996.4,368.6
########,2002.3,371.25
########,1993.25,394.3
########,1987.2,394.5
########,1973.15,385.75
########,1899.5,388.3
########,1950.7,409.05
########,1964.05,407.2
########,1947.8,399.25
########,1952.6,401.95
########,1929.8,398.4
########,1954.9,421.9
########,1958.15,453.75
########,1964.05,447.55
########,1946.75,445.95
########,1958.2,457.55
########,1993.75,451.9
########,2026.95,449.1
########,2007,447.25
########,2005.8,449.8
########,1991.3,455.15
########,1974.35,462.45
########,1976.55,463.25
########,1985.6,459.3
########,1991.55,455.15
########,1939.7,429.2
########,1936.7,458.8
########,1943.85,463.6
########,1994.15,473.65
########,2003.3,490.85
########,1990.05,489.2
########,1995.5,484.15
########,1985.3,479.55
1/1/2021,1987.5,491.15
1/4/2021,1990.85,494.5
1/5/2021,1966.1,494.4
1/6/2021,1914.25,490.9
1/7/2021,1911.15,518.1
1/8/2021,1933.7,518
########,1897.25,519.15
########,1957.05,525.4
########,1938.8,536.05
########,1960.6,532.1
########,1937.45,527.3
########,1983.95,507.85
########,2016.4,530.1
########,2054.7,546.75
########,2099.4,536.9
########,2049.6,526.8
########,1941,513.9
########,1895,512.8
########,1876.55,511.85
########,1841.95,506.65
2/1/2021,1895.3,537.2
2/2/2021,1925.8,564.2
2/3/2021,1930.65,566.6
2/4/2021,1924.3,589.7
2/5/2021,1923.75,595.35
2/8/2021,1951.45,628.3
2/9/2021,1956.15,629.85
########,1974.3,650.7
########,2055.7,658.6
########,2041.6,718.95
########,2032.6,763.45
########,2059.5,780.2
########,2083.25,785.45
########,2067.7,808.2
########,2080.3,781.9
########,2008.1,805.9
########,2023.45,799.65
########,2061,805.2
########,2144.35,843.5
########,2085.8,833.65
3/1/2021,2101.7,851.5
3/2/2021,2106,872.55
3/3/2021,2202.1,915.35
3/4/2021,2175.85,918.4
3/5/2021,2178.7,909.9
3/8/2021,2191.1,910.2
3/9/2021,2191.05,905.2
########,2181.95,898.15
########,2137.6,894.1
########,2108.9,896.2
########,2100.6,897.8
########,2055.35,873.9
########,2009.1,871.05
########,2082,889.65
########,2062.4,991.05
########,2087.5,1058.4
########,2047.3,1025.45
########,1991.45,981.55
########,1994.65,988.3
########,2029.3,1031.55
########,2003.1,1031.15
4/1/2021,2021.85,1107.2
4/5/2021,1992.6,1138.25
4/6/2021,1984.3,1225.4
4/7/2021,2002.85,1165.55
4/8/2021,2005.35,1162.5
4/9/2021,1982.05,1201.4
########,1911.15,1074.4
########,1931.8,1106.35
########,1944.3,1129.95
########,1932.1,1159
########,1901.7,1136.35
########,1901.15,1142.75
########,1906.4,1157.8
########,1904.35,1157.6
########,1937.85,1173.35
########,1988.65,1191.15
########,1997.3,1185.2
########,2024.05,1182.3
########,1994.5,1158.7
5/3/2021,1959.05,1255.55
5/4/2021,1916.6,1262.5
5/5/2021,1920.1,1267.5
5/6/2021,1931,1286.75
5/7/2021,1931.75,1298.9
########,1926.2,1304.1
########,1933.15,1303.5
########,1913.15,1285.8
########,1937.3,1220.35
########,1960.35,1289.1
########,1987.95,1326.7
########,1997.05,1294.7
########,1985.4,1302
########,2002.55,1315.1
########,1985.65,1306.8
########,1963.15,1282.75
########,1970.05,1322.8
########,1976.1,1325.8
########,2094.8,1302.6
########,2160.3,1316.3
6/1/2021,2168.9,1416.25
6/2/2021,2201.25,1546.75
6/3/2021,2209.65,1583.1
6/4/2021,2190.5,1700.95
6/7/2021,2227.4,1624.3
6/8/2021,2214.6,1636.45
6/9/2021,2175,1594.65
########,2183,1612
########,2213.15,1601.6
########,2244.9,1501.45
########,2250,1538.85
########,2211.6,1448.3
########,2215.65,1367.7
########,2225.65,1487.5
########,2237.25,1540
########,2225.75,1541.6
########,2205.35,1504.75
########,2153.5,1508.5
########,2104.45,1519.45
########,2086,1525.75
########,2087.8,1523.55
########,2110.65,1507.55
7/1/2021,2097.95,1490.25
7/2/2021,2129.05,1422.05
7/5/2021,2150.2,1394.35
7/6/2021,2124.8,1414.8
7/7/2021,2110.05,1425.65
7/8/2021,2092.6,1425.9
7/9/2021,2071.2,1431.35
########,2084.1,1420.7
########,2099.7,1417.7
########,2086,1402.05
########,2082.35,1407.95
########,2112.4,1395.5
########,2098.95,1380.6
########,2093.8,1365.7
########,2120.7,1416.75
########,2105.7,1401.65
########,2076.85,1403.9
########,2055,1396.75
########,2037.35,1399.9
########,2053.25,1400.25
########,2035.3,1420.25
8/2/2021,2072.5,1438.2
8/3/2021,2087.75,1442.8
8/4/2021,2103.75,1429.55
8/5/2021,2134.25,1432.35
8/6/2021,2089.05,1536.65
8/9/2021,2077.15,1493.4
########,2088.05,1446.5
########,2117.3,1437.05
########,2110.5,1442.9
########,2145.65,1437
########,2173.5,1430.1
########,2164.25,1441.65
########,2172.65,1460
########,2148.25,1430.1
########,2162.35,1396.7
########,2183.7,1437.8
########,2202.6,1475.35
########,2230.45,1475.7
########,2227.4,1506.05
########,2270.25,1516.55
########,2258.15,1587.6
9/1/2021,2267.1,1565.2
9/2/2021,2294.4,1570.55
9/3/2021,2388.5,1565.55
9/6/2021,2425.6,1582
9/7/2021,2440.9,1558.1
9/8/2021,2431.35,1555.95
9/9/2021,2425.6,1545
########,2371.55,1532.45
########,2368.45,1513.2
########,2378.3,1516.8
########,2428.2,1503.2
########,2390.55,1480.25
########,2394.35,1418.85
########,2404.7,1441.45
########,2430.5,1437.75
########,2489.9,1474.35
########,2482.7,1461.7
########,2524.45,1531.25
########,2548.05,1487.3
########,2527.85,1485.65
########,2519.25,1468.1
########,2523.7,1458.7
########,2556.15,1526.65
########,2609.2,1527.65
########,2559.85,1479.55
########,2572.4,1520.75
########,2671.25,1547.9
########,2652.65,1539.75
########,2667.8,1554.45
########,2694.95,1569.7
########,2700.4,1646.35
########,2707.6,1615.5
########,2731.85,1569.45
########,2700.4,1589.7
########,2622.5,1595.05
########,2627.4,1543
########,2601.8,1532.2
########,2661.05,1543.85
########,2627.4,1566.55
########,2598.6,1398.55
########,2536.25,1423.6
########,2537.8,1445.3
########,2500.8,1472.8
########,2483.6,1485.9
########,2498.85,1489.45
########,2501.95,1568.25
########,2521.7,1635.45
########,2549.9,1655.85
########,2554.55,1664.9
########,2593.1,1705.2
########,2577.8,1749.55
########,2517.9,1711.6
########,2464,1706.45
########,2473.3,1688.75
########,2363.75,1675.75
########,2385.85,1707.95
########,2351.4,1755.15
########,2492.95,1763.05
########,2412.6,1669.55
########,2441.5,1665.05
########,2405.4,1662.85
########,2467,1693.3
########,2482.85,1732.25
########,2408.25,1708.1
########,2362.6,1645.6
########,2381.85,1678.45
########,2418.1,1715.5
########,2456.45,1722.25
########,2458.95,1740.4
########,2409.65,1719.55
########,2380.15,1720.1
########,2373.2,1695.3
########,2403.9,1702.05
########,2340.45,1645.3
########,2277.35,1589.95
########,2311.25,1620.5
########,2366.1,1658.1
########,2365.25,1676.2
########,2372.8,1698.2
########,2370.25,1730.2
########,2398.4,1751
########,2402.5,1718.05
########,2359.1,1696.4
########,2368.15,1709.45
1/3/2022,2403.85,1717.15
1/4/2022,2458.1,1719
1/5/2022,2469.6,1715.45
1/6/2022,2416.5,1713.1
1/7/2022,2436,1699.1
########,2438,1752.6
########,2455.55,1843.9
########,2521.1,1830.1
########,2535.3,1853.35
########,2539,1870.25
########,2552.25,1877.8
########,2521.8,1840.95
########,2521.6,1849.3
########,2477.45,1865.85
########,2477.85,1828.35
########,2377.9,1715.8
########,2373.25,1741.4
########,2338.1,1686
########,2335.85,1693.7
########,2386.6,1714.95
2/1/2022,2378.7,1746.9
2/2/2022,2383.55,1779.35
2/3/2022,2352.75,1751.85
2/4/2022,2331.3,1757.3
2/7/2022,2317.1,1731.8
2/8/2022,2356.05,1716
2/9/2022,2383.5,1783.15
########,2381.05,1786.1
########,2376.4,1764.3
########,2338.55,1663.95
########,2417.95,1744.25
########,2412.95,1738.1
########,2443.5,1730.95
########,2424.4,1736.3
########,2399.9,1685.2
########,2389,1667.7
########,2374.05,1688.7
########,2255.75,1543.95
########,2283.95,1618.7
########,2359.55,1644.45
3/2/2022,2398.55,1641.8
3/3/2022,2378.3,1643.8
3/4/2022,2325.55,1615
3/7/2022,2239.55,1564.05
3/8/2022,2235.5,1601.6
3/9/2022,2354.1,1656.55
########,2392.25,1742.85
########,2399.15,1734.1
########,2418.85,1736.1
########,2363.45,1701.4
########,2403.35,1758
########,2481.7,1819.65
########,2467.4,1802.95
########,2531.15,1831.55
########,2539.2,1811
########,2578.65,1832.8
########,2595.85,1867
########,2621.95,1909.7
########,2622.55,1917.25
########,2672.95,1995.25
########,2634.75,2014.75
4/1/2022,2655.85,2043.65
4/4/2022,2663.7,2065.85
4/5/2022,2626.05,2139.85
4/6/2022,2619.05,2160
4/7/2022,2572.85,2099.05
4/8/2022,2615.65,2170.95
########,2610.2,2180.2
########,2561.05,2196.95
########,2551.65,2199.45
########,2543.85,2233.85
########,2640.8,2168.3
########,2718.45,2183.95
########,2782.1,2286.35
########,2758.8,2273.3
########,2695,2284.2
########,2775.65,2395.3
########,2778.35,2334.1
########,2819.85,2378.55
########,2790.25,2332
5/2/2022,2780.45,2339.5
5/4/2022,2693.65,2253.8
5/5/2022,2640.9,2255.4
5/6/2022,2620.65,2247.7
5/9/2022,2518.3,2197.65
########,2474.65,2109.5
########,2449.3,2119.3
########,2399.4,2045.2
########,2426.6,2054.15
########,2427.2,2105.9
########,2529.15,2184.85
########,2538.35,2181.1
########,2479.85,2114.75
########,2624.45,2219.55
########,2606.9,2170.65
########,2615.85,2160.2
########,2612,2074.15
########,2587.1,2046.4
########,2575.1,2080.15
########,2664.8,2165.65
########,2632.65,2167.55
6/1/2022,2633.5,2150.9
6/2/2022,2724.3,2209.4
6/3/2022,2779.5,2190
6/6/2022,2767.55,2225.05
6/7/2022,2772.75,2227.55
6/8/2022,2724.05,2177.2
6/9/2022,2798.75,2219.2
########,2714.25,2203.1
########,2662.9,2079.75
########,2628.1,2196.45
########,2596.3,2184.6
########,2560,2083
########,2590,2095.8
########,2543.05,2079.85
########,2584.1,2161.8
########,2505.6,2089.2
########,2464.95,2110.35
########,2500.05,2161.45
########,2492.65,2181.6
########,2527.7,2204.6
########,2580.15,2220.1
########,2595.65,2190.9
7/1/2022,2408.7,2232.2
7/4/2022,2413.7,2261.85
7/5/2022,2433.25,2246.45
7/6/2022,2411.85,2272.85
7/7/2022,2388.1,2274.3
7/8/2022,2391.4,2293.05
########,2423.9,2373.25
########,2420.45,2365.65
########,2377.55,2353.5
########,2397.15,2383.1
########,2401.8,2405.25
########,2422.25,2423.6
########,2437.1,2451.3
########,2503,2451.1
########,2486.3,2495.5
########,2503.1,2499.4
########,2420.4,2550.6
########,2421.5,2559.7
########,2419.2,2548.7
########,2457.1,2550.4
########,2509.45,2569.2
8/1/2022,2574.85,2660.15
8/2/2022,2584.65,2683.65
8/3/2022,2606.35,2711.4
8/4/2022,2571.9,2723.6
8/5/2022,2534,2698.4
8/8/2022,2567.15,2791.9
########,2582.5,2827.2
########,2591.1,2834.05
########,2633,2864.55
########,2651.3,2975.85
########,2665.15,3008.65
########,2661.3,3153.65
########,2613.85,3130.2
########,2606.6,3051.6
########,2646.8,3030.65
########,2639.75,3134.65
########,2632.05,3066.35
########,2618,3139.55
########,2597.65,3142.6
########,2637.95,3194.35
9/1/2022,2560.4,3233.25
9/2/2022,2530.5,3355.8
9/5/2022,2569.8,3346.55
9/6/2022,2596.85,3435.8
9/7/2022,2581.75,3473.75
9/8/2022,2585.4,3462.8
9/9/2022,2569.3,3451.2
########,2598.05,3463.8
########,2619.75,3555.8
########,2588.35,3572.1
########,2562.7,3748.7
########,2499.2,3702.2
########,2502.45,3778.65
########,2502.85,3834.55
########,2509.75,3640.1
########,2486.1,3716.3
########,2439.5,3674.3
########,2377.35,3586.2
########,2396.25,3559.1
########,2332.45,3548.75
########,2325.3,3470.7
########,2377.75,3455.75
########,2369.5,3157.3
########,2413.2,3237.7
########,2422.1,3285
########,2432.35,3277.6
########,2405.8,3246.25
########,2357.9,3273.95
########,2375.25,3223.65
########,2382.8,3233.65
########,2370.7,3209.5
########,2408.75,3212.6
########,2451.25,3284.3
########,2493.9,3277.25
########,2500.6,3357.1
########,2471.6,3311.9
########,2479.85,3309.8
########,2441.55,3300.5
########,2451.15,3325
########,2526.15,3323.3
########,2549.6,3347.45
########,2529.85,3575.7
########,2545.65,3580.7
########,2555.15,3590.4
########,2592.75,3833.25
########,2606.6,3960.6
########,2604,3997.2
########,2572.5,3992.25
########,2631.8,4008.85
########,2619.05,4022.55
########,2607.3,4057.8
########,2592.35,3956.6
########,2599.05,4018.15
########,2597.65,4019.8
########,2550.9,4001.85
########,2565.05,4034
########,2557.05,3903.3
########,2579.1,3921.1
########,2617.6,3901.1
########,2707.55,3886.15
########,2712.2,3878.4
########,2731.35,3917.9
########,2723.3,3915.1
########,2722.15,3922.5
########,2682.45,3930.4
########,2690.2,4031.8
########,2650.5,3999.3
########,2649.25,4025
########,2609.1,3996.8
########,2613.1,4016.7
########,2625,4060.2
########,2615.5,4055.8
########,2578.35,4043.75
########,2565.6,3980.8
########,2599.3,4075.3
########,2621.8,4165.3
########,2584.5,3901.95
########,2577.8,3868.55
########,2502.2,3642.2
########,2524.05,3716.75
########,2544.7,3769.65
########,2544.45,3797.7
########,2543.3,3810.6
########,2547.2,3858.35
1/2/2023,2575.9,3841.2
1/3/2023,2557.05,3830.95
1/4/2023,2518.55,3827.05
1/5/2023,2514.05,3829.8
1/6/2023,2536.9,3824.25
1/9/2023,2596.8,3855.3
########,2558.4,3646.9
########,2526.15,3635.8
########,2471.6,3647.2
########,2467.6,3721.15
########,2444.1,3619.8
########,2478.8,3639.35
########,2474.7,3596.7
########,2472.05,3463.55
########,2442.65,3456.15
########,2430.3,3436.35
########,2415.95,3442
########,2382.55,3388.95
########,2337.35,2761.45
########,2359.75,2892.85
########,2353.85,2973.9
2/1/2023,2339.9,2135.35
2/2/2023,2326.95,1565.25
2/3/2023,2329,1586.8